	Gene	log2FoldChange	-log10FDR	product
1	SH3BGRL3	5.557970084167187	83.79833815814688	465.748656585906
10	TNNC1	-11.924648853795762	21.561920782072526	-257.1183339395762
12	COL18A1	-6.236412089081803	38.82676110984149	-242.13968236530667
17	TIMP1	6.945565376819075	29.088613745353907	202.03686848939356
18	NEBL	-11.049453325244444	17.907182854385034	-197.86458113614503
21	MMP15	-7.906514090187532	23.804969121840404	-188.21432377831027
24	NUDT4	-3.672416474015851	48.497741624721485	-178.10390529519145
29	EPB41L3	-5.893409880946996	28.77197043651029	-169.5650148648446
35	ALPK3	-7.2581129353038705	21.371799953424254	-155.11893769267527
36	SLC8A1	-5.669835570537261	27.34550848895985	-155.0445367251332
37	OBSL1	-3.852029130338838	40.14449265077917	-154.63775511347475
41	COL2A1	-9.500561559111697	15.69655473231976	-149.1260845003699
43	KRT8	-8.116810844697051	18.315582014780187	-148.66411472450608
50	CDH3	-12.316416865148218	10.838606284676146	-133.49279323928675
53	TRDN	-8.603373903047805	14.852825954426978	-127.78441520282816
56	BCAM	-5.792336566209821	21.639096962235875	-125.34093259411873
58	EEF1A2	-11.056227438237004	11.070943030571236	-122.40286410176044
71	LAPTM4B	-3.976505715055996	27.53405961547115	-109.48934541961351
72	CCDC69	-5.478702440516406	19.80772595924473	-108.52063655399428
82	FAM189A2	-7.257822067011485	14.005370297850066	-101.64848560440342
85	NDRG2	-6.565351822588479	15.297342504581428	-100.43243549321387
91	EMILIN2	-4.171779571374405	23.456962668537805	-97.85727766709806
96	RBM24	-5.441389493996579	17.609938518997808	-95.82253444720034
98	CD24	-5.283668383510226	17.71826009472239	-93.61741067329558
110	TRIM24	-3.115999659081529	28.848692708692376	-89.89251664523323
124	ACTA1	-8.097061103881433	10.684084606115585	-86.50968589475687
132	OBSCN	-9.884516176513218	8.520664272070306	-84.22264383191717
138	HSPG2	-4.849632279322716	17.074776106292024	-82.80638536728203
140	XPO4	-3.4680124736915747	23.827681535793523	-82.63469678528236
147	NREP	-4.913396706770819	16.469624307648097	-80.9217978349508
150	BMP7	-9.320247261106958	8.615758739441123	-80.30100179363447
152	DSG2	-9.278127195789663	8.620743503854573	-79.98435475104019
153	HCN4	-9.585644586233286	8.33892007575581	-79.93392407920075
158	FOSL1	7.466716749045226	10.5151404898451	78.51357561409003
169	TNNI3	-9.67697112491912	7.9966846505786275	-77.38368645873332
171	USP28	-3.4329400354504607	22.42709736812047	-76.99088043396642
175	PKDCC	-4.53660380699925	16.519277838685223	-74.94141873185772
178	SERPINE2	6.581623118565728	11.358253923738564	74.75574661101761
183	RBM38	-5.931647761251167	12.477249663872964	-74.01065003528394
186	FRAS1	-6.017856882477834	12.24668646640515	-73.69880643940438
188	CPVL	-7.2437349310518595	10.135154961841138	-73.41637602871224
189	KCNH2	-9.024571804311677	8.11097261889393	-73.1980548020142
193	GPC3	-8.253775800541902	8.723876747463441	-72.00492278512395
195	NNAT	-7.87382132321876	9.074474290984975	-71.45078916935795
196	TMEM178A	-5.415114918701925	13.182878705239096	-71.38680314817815
199	CCDC141	-7.770562386450476	9.104239289544164	-70.74505938057648
202	PLEKHA7	-7.719532319044835	9.042216829998122	-69.80168505498163
203	CLDN6	-9.628853351150417	7.241535870853505	-69.72768693754371
209	PPP1R1A	-8.326055950172405	8.14608773878112	-67.82478228810501
211	ICA1	-9.444065884518398	7.148228777999069	-67.50834353703365
212	ANXA3	-3.235996683927636	20.851145533042853	-67.47423780101921
213	S100A11	5.217081273093738	12.908046497888009	67.34232765635474
218	TGM2	-3.80725587214908	17.48665321634361	-66.5761631421588
223	PTP4A3	-9.25093795267808	7.132875827098043	-65.98579170064133
228	FREM2	-9.154104909501196	7.1592212381000575	-65.53626228389697
236	MFAP4	5.324891280929736	12.177099938100731	64.84173328740263
245	CCDC80	5.598881237231765	11.400486296085862	63.829968818473
248	SEMA6A	-7.62501743910916	8.357085116499233	-63.72291975342626
255	S100A10	4.372972245391475	14.320790998588244	62.62442156887845
257	CASC10	-7.046464114008849	8.837639690576925	-62.27411093219057
259	CHCHD10	-5.8303221328415145	10.630831852929376	-61.98117424265071
265	PLCL2	-4.181101661052053	14.693057892161152	-61.43316875884897
269	ALPK2	-2.84816190377318	21.190581476051992	-60.35420687889293
284	PARM1	-6.500306389820028	9.06112287776293	-58.900074941266816
286	ITGA11	6.140610071918735	9.579158069925938	58.821874524688845
289	GPRC5C	-5.407441501841548	10.81899006209599	-58.50305586978912
290	AMIGO2	4.3247509717880375	13.512503633600454	58.43821322070296
294	HEY2	-9.039747357674129	6.426163658994123	-58.09089595637362
297	FTL	5.5003665047939565	10.53236563404656	57.931871149752666
309	CACHD1	-3.6075243412637135	15.726379009228612	-56.73329507573094
312	FGF13	-8.199241665720905	6.871412429338469	-56.34037109298448
316	ABAT	-7.158183279385858	7.81686080016961	-55.95452227706086
321	B4GALNT3	-8.233347567307174	6.755420158315507	-55.61972212660483
334	ATP1A2	-7.432375759774941	7.331748619060002	-54.49231071306495
335	CITED4	-8.682946697119846	6.269139315980654	-54.43460251747839
336	SPARC	4.678143156552644	11.632003833109923	54.41617912885732
355	FST	4.963569466104935	10.613981700397638	52.68323548189025
357	LAMA5	-3.81544036400716	13.781879983337024	-52.58394118032641
361	ATP1B2	-8.63763258590544	6.072275777529627	-52.45008712659419
375	EPHA7	-7.994785511839551	6.425798018955513	-51.37287690395283
376	NQO1	4.745625600334533	10.797231295969208	51.23961725088468
377	CAV1	4.479280503469902	11.436147350263065	51.22571186084233
378	MARK1	-6.126211709164021	8.348108416057968	-51.14227952782504
382	NDUFA4	3.795429637553064	13.384723246425532	50.80077529992893
386	SLC27A6	-8.483807994412263	5.97950630018725	-50.72898335216709
392	WARS	3.759431312125104	13.40895978553369	50.41006328076168
393	ADAMTS19	-8.22843792578189	6.10824809256818	-50.2613402649729
399	SERPINE1	4.663263406120896	10.62286587840244	49.53722171888441
400	PRKCH	-6.963790824731174	7.112790318958951	-49.53198396140306
405	STRA6	-8.027651825976946	6.144395524001608	-49.32506794777608
412	FOXH1	-9.19717741920153	5.311536857058769	-48.85114684299758
416	PAMR1	5.490098895395037	8.858112164873429	48.63191181165695
420	PHAX	2.9934713568586178	16.174212135956868	48.417040748741925
422	ERBB2	-2.990684037646674	16.180534191247364	-48.39086532635973
428	JPH1	-7.767851351797843	6.196739929240809	-48.135354636092885
429	USP2	-7.018183148284676	6.85383569636082	-48.101474185311474
432	SLC29A2	-5.619242273494892	8.535233854139198	-47.96154688734372
433	TRIB1	-3.950822560018841	12.105419162809042	-47.82636312691036
436	GCNT2	-3.976796658371288	11.983563382421243	-47.65619481459332
440	INPP5A	-3.4941476992734786	13.58182109238881	-47.45688892191436
441	SH3GL3	-7.812646081424343	6.074065333785377	-47.45452272831377
449	CKB	-3.0135221418014675	15.635354713457986	-47.11748762392558
452	HIF3A	-7.836794334667327	5.994913443489389	-46.98090371075864
457	RSU1	3.089087699026748	15.12201866451376	46.71324184100235
459	DENND5B	-3.0385882496652576	15.35660099855149	-46.66238734899632
468	ZNF436	-3.5090273580115143	13.075507115375938	-45.88231218772839
469	SPTBN2	-6.844767654864071	6.697186965388414	-45.840688719267874
473	MDK	-4.172733152453074	10.911368210846351	-45.530227872021165
474	APOE	-4.076425964039402	11.158511985499985	-45.486847977736986
475	HIST2H2BE	-4.765535853633961	9.539876559755555	-45.46262378475731
490	REC8	-4.261484066650804	10.492881623734116	-44.71524785279596
493	NNT	-2.387612115713305	18.69166496577041	-44.62844573512736
494	KLF13	-6.184080762496657	7.199824988395409	-44.52429920407876
496	DSC2	-7.637682547984637	5.804645894890847	-44.33404264863849
500	TPD52	-4.640120717787781	9.521210975212671	-44.17956830451273
502	PRKAR2B	-3.4770298585627937	12.672702700577869	-44.0633656785986
508	NINL	-3.604238104322925	12.159041619588187	-43.82408111736808
519	ATP1B1	-3.317232398827756	13.067106796669805	-43.34663002485544
524	AGBL5	-6.234337750114057	6.924056154936162	-43.1669046706281
530	LGALS1	5.5692588342001725	7.7014964374722705	42.8916270709536
538	HDAC5	-3.553898226536558	11.95202031052016	-42.47626378508652
540	DLG5	-3.848377589136077	11.014404653890582	-42.38758802770862
541	COMMD6	4.778453406296646	8.851251764534403	42.29529414422862
542	ADSSL1	-5.246938730127556	8.05096672881391	-42.24292914438205
545	PARD6G	-5.95645950398312	7.078210764541483	-42.16107577964874
547	TIMP3	3.3527890828144478	12.55923774617872	42.108475203859136
555	DAB2	4.344480767922812	9.572872036490237	41.589158456317904
566	S100A6	6.065031630392855	6.784916041434946	41.15073040086283
583	WNK2	-7.414060180959924	5.395102516682319	-39.999614741131055
588	TGFB2	-2.8353953483334142	14.044562676981014	-39.82188768368905
595	ZNF219	-4.496298591147391	8.802259700353822	-39.57758788961435
602	NMRK2	-7.749103559825365	5.065123640264899	-39.25016763173234
617	ADAM12	3.737366890142625	10.3976730922652	38.85991914955884
621	HK2	-4.047032648226905	9.554565988865964	-38.66764049657894
646	MOAP1	-5.534633192572241	6.784773849836613	-37.55123455340187
647	EFEMP1	6.3280996367037	5.93364309499745	37.548684713782784
652	GABBR1	-6.491865632562502	5.753852899967451	-37.35323989611878
660	MEF2A	-2.462824986543014	15.117079582935093	-37.23072132041179
668	IRX2	-7.453369826128029	4.928066880398551	-36.73070498750344
672	KDR	-5.553798892522541	6.580493372494374	-36.546736804411175
675	PLBD1	-3.94733987830113	9.251023380903623	-36.516933506537015
680	ANO5	-6.920854150868188	5.259935716324769	-36.40324793562611
681	CRACR2B	-5.591071061966427	6.497803204915104	-36.32967946535354
691	AIF1L	-4.6169948032507255	7.819953729912509	-36.10468573266718
699	MFSD11	-5.918873543125696	6.047595886445609	-35.79495529179871
703	MDFI	-6.94813770663784	5.138629830827009	-35.703907688023165
704	VWDE	-6.993414770800246	5.098269023027398	-35.65430989115315
708	E2F5	-4.617634816782507	7.685372946776667	-35.48824569899431
709	TRIM71	-7.322001363336163	4.842472408747163	-35.45658957876448
716	ANKZF1	-2.3376898501994354	15.087299895487392	-35.26942783259588
728	ST6GAL1	-2.470194263605381	14.144278620208633	-34.93911591047559
731	CAP1	2.796533212438189	12.44383120393534	34.79958725177988
734	TCEA3	-3.371194708801139	10.300984890493629	-34.726625758272604
742	TTN	-6.678214355534104	5.17800902466108	-34.579854201576765
744	ANKRD9	-3.6919672768582488	9.319288826362785	-34.40650939052211
746	KCNN2	-6.864703645384016	4.987348167097726	-34.236667143475046
769	FLT1	-6.26780888968067	5.357947671142791	-33.58259204363262
770	SKAP2	3.227208084961445	10.403932661067858	33.57565559919264
775	IFI16	3.6307462446507417	9.219046226721884	33.472017466932066
782	VAMP5	3.486687477139802	9.46278820599067	32.993785136653884
797	DTNA	-3.7678421025281783	8.634193552086558	-32.53227798692906
801	HPCAL1	4.531567137538148	7.152468988722827	32.411893421557075
807	LRIG1	-2.910292916601165	11.092685830875393	-32.28296499967876
809	TSPAN13	-3.692319883982272	8.730744990589821	-32.23670333073341
813	TAGLN	3.458812140390308	9.29513238330857	32.15011673392277
814	FIGNL2	-5.853304981921035	5.492106051414874	-32.146971711985344
840	NAT8L	-6.693069869287257	4.735294905780881	-31.693659656071453
841	SYN1	-7.277342420897369	4.354261594261105	-31.687452611600552
843	PPP2R5A	-2.6986683394352258	11.73086268096429	-31.65770771138056
844	GBA2	-3.9648193422231337	7.984406611753645	-31.65672977045513
854	LIN28B	-6.699782445171492	4.677093063012713	-31.33550599800594
859	IGDCC3	-6.880591483661374	4.543373694882884	-31.26109835210228
861	RBPMS2	-4.664574756290846	6.693807577541092	-31.22376584966656
862	ROGDI	-3.092103099372455	10.094919752700775	-31.214532655242284
873	ADD2	-6.68572867149866	4.647439441346909	-31.071519122066743
875	AASS	-2.5131720364779118	12.325133899871776	-30.975181863003687
878	TARSL2	-2.909482850458255	10.596401770533747	-30.83004922793343
886	ZNRF2	-3.2682231935850736	9.35027820267352	-30.558796088450556
895	PDPN	-6.478913476494208	4.682847941529271	-30.33976663674716
904	TESC	-6.695607798113303	4.494461448713841	-30.093151124328006
919	HIST1H4I	-6.72436990562221	4.423900653201974	-29.74794441785379
937	TUBA1C	3.409068833422408	8.611506793783338	29.357219419492104
943	CYFIP2	-3.136408312130869	9.300749453684688	-29.170947895583296
946	PCOLCE	2.646410137990582	10.99582649893372	29.099466722363683
955	LURAP1L	3.602234808921004	8.003264621703442	28.82963840530613
962	COL1A1	4.508739560896601	6.350266007737841	28.63169557130453
974	TMEM200A	4.345536931031708	6.549261661634845	28.460058421624307
984	DAB1	-6.743524466296201	4.193070781359365	-28.27607540300861
993	HRASLS	-6.3185159574513925	4.455152029408857	-28.149949190691817
998	TMEM38A	-4.276959068174615	6.55299183418743	-28.02687784890213
1006	IFITM3	3.665275977200578	7.60477477088653	27.873598279751427
1020	ABCA3	-4.949451409506209	5.575125781972924	-27.59381415976029
1041	RNF144A	-6.278152443361148	4.34505314213709	-27.278906000842003
1044	BMF	-3.787778938764859	7.171740094378223	-27.164966083781337
1060	FZD1	-2.713368253046496	9.87771344895692	-26.801874085090123
1066	CYSTM1	2.4016935319957264	11.06986902540258	26.58643283834921
1067	TP53INP2	-2.9521519423176388	9.004991832003823	-26.58410412740456
1079	SLC25A23	-3.1473735406961127	8.382687763931731	-26.38344966811579
1081	WDR86	-6.315239905016856	4.164065584368192	-26.29707314550934
1082	TMEM102	-5.102039736570585	5.153574623358152	-26.29374251375508
1084	MYDGF	2.658027971332048	9.887844982290126	26.28216853912239
1090	TUBB2B	-4.011100713693127	6.527059828572199	-26.180694336703684
1100	CTTNBP2	-6.250796172868192	4.15415458951497	-25.96677360964301
1101	VIM	2.77805289109458	9.344242066021964	25.95879868659991
1108	PLA2G16	3.532964616129404	7.334645958332177	25.91304464262412
1110	NR2F2	3.0603795996585834	8.453738031596655	25.871647412756317
1127	NRTN	-6.943771319817842	3.69015360264356	-25.62358275175884
1132	NSG1	-4.074568391195031	6.275051343946122	-25.568125859168767
1136	RDH14	-5.437741356576117	4.693733841864487	-25.52331062866742
1140	KIF26A	-6.214500265961777	4.091398971946353	-25.42599999931635
1153	LAD1	-6.181799341848679	4.074861502754187	-25.189976155850356
1158	NEFL	-6.1778716024027975	4.060726707924432	-25.086648214004946
1161	TPBG	2.895136933626487	8.652114503683276	25.04905625357885
1178	NAP1L3	-3.5926729948192966	6.8924084682662805	-24.7621697732041
1183	MTUS1	-2.829739308124055	8.72308511473869	-24.68405683728791
1202	AXL	2.28706958235335	10.6397506612095	24.33385010107619
1209	TBC1D4	-2.5620331031899397	9.485543395445744	-24.302276180876696
1240	SAR1B	2.882866323965101	8.26327156310159	23.821907315044037
1244	FGFR3	-4.403773936796285	5.390133688069936	-23.73693025137002
1250	ANXA1	3.938057214306964	6.000592703658685	23.630677386760816
1255	STK39	-2.644657358298969	8.910878185468876	-23.56621956210603
1261	UQCRQ	3.870003090470109	6.058664195817364	23.44704916193379
1264	CTXN1	-5.406884168224464	4.330164182268399	-23.412696162919637
1273	ALDH4A1	-3.444881618644441	6.77381143206319	-23.33497849047806
1274	HIST3H2A	-5.213419053135985	4.468590884658523	-23.29663685874853
1278	B4GALNT4	-5.81652781508021	3.998686380349082	-23.258470555082845
1291	AFG3L2	-3.688695619303053	6.272939450661704	-23.13896427180913
1295	HUNK	-5.96261781441563	3.873633756365943	-23.096997642229304
1305	GNG11	4.537575932549809	5.081141474592622	23.056065264992128
1323	SNN	-2.6483643417032265	8.62767234451521	-22.84921978911316
1340	CALD1	3.279643597339822	6.906579805406091	22.6511202383166
1355	PLEKHG3	-2.9086752679769075	7.749999029625913	-22.542230504317924
1357	CACNG6	-6.673793798803579	3.370943523443706	-22.49698198287569
1362	ATF7IP2	-3.951460999153226	5.679974337142081	-22.44419706940813
1369	GGCX	-5.120327357332085	4.372658697815841	-22.389443954702543
1378	PDGFD	-2.741787464897635	8.143189115138378	-22.32689384017727
1382	CDC42EP5	-6.61664942439857	3.366010191883523	-22.271709398645832
1389	IGFBP3	4.081448426975479	5.437118177635877	22.19131743339173
1392	HOMER1	-2.277629061122316	9.723881231607807	-22.1473944800118
1398	SYT7	-5.089964745162584	4.340201581776969	-22.091473038143658
1408	LSR	-3.776016062507841	5.826926633307208	-22.002568562422752
1418	IFT52	2.4390356532345234	8.96223376623127	21.859207688460387
1434	ISOC1	-2.979885136521786	7.260056367989709	-21.63413406128288
1440	HLA-B	4.782317844930807	4.507086615525211	21.55432075007501
1444	LIMA1	3.704766334250371	5.802183217378912	21.495733048897893
1451	DDR2	4.5341252818361655	4.71937302423459	21.398228543597657
1453	FAM114A1	3.561685834022567	6.002724163741818	21.379817619544195
1490	IGFBP5	-3.658689408945629	5.6915232343554	-20.823515778304078
1492	EDIL3	4.463705316094235	4.656311551103704	20.7844026240526
1509	N4BP3	-5.794594345973622	3.572850599377817	-20.703219882163165
1518	ACOT2	-3.900413504180662	5.270607223001691	-20.557547587827933
1531	OLFM2	-5.733382339382107	3.538646309532516	-20.2884122563934
1535	AMOT	-4.21073144883983	4.81114254495674	-20.25842921890064
1553	IFITM2	3.3511546570350514	5.9600693237718	19.97311407060962
1562	ERBB3	-3.968230588172423	5.011500584271293	-19.886789911149314
1574	COL1A2	4.160308114457695	4.752138466504702	19.770360223226056
1575	UAP1	3.15511298833853	6.261568830798665	19.75595714542857
1584	ST6GALNAC3	-6.049463542952104	3.249923232721032	-19.66029211373893
1592	BGN	5.05676664673273	3.87731080886392	19.60665597727937
1594	MITF	-2.5752866608967446	7.605373903302032	-19.58601796430593
1602	PWWP2B	-5.358890902618732	3.638614825127346	-19.498939884508584
1611	EFS	-5.759676561267356	3.357590683858036	-19.33863636414676
1613	ERMP1	-2.6333517422737223	7.340961640867261	-19.33133412694237
1616	OGDHL	-5.87660459654722	3.2862238610662486	-19.31183824722507
1626	GPR37	-5.672267599751741	3.3740484282300938	-19.13850557944285
1645	DNAJB5	-2.4110957963023787	7.871952942685066	-18.980032648798105
1646	CLMP	2.401983310978789	7.897836812296579	18.9704722159703
1648	INPP5F	-2.3773832271659825	7.974418450006118	-18.958248669447496
1658	MT1E	4.194230174850375	4.5015553543085725	18.88055930080029
1666	EHD2	4.270973711521871	4.400083846702526	18.79264243775852
1670	TMEFF1	-6.877472890306257	2.723838777575972	-18.733127350343683
1678	PAIP2B	-4.035432670820523	4.630169889039603	-18.68473884167985
1684	PPTC7	-2.604511156186632	7.145377737098745	-18.61021603144127
1695	ETV1	-3.193786779101981	5.797588913157844	-18.516262821511745
1704	FAM83H	-5.683079062767866	3.240386136953596	-18.415370610204228
1705	SNAI2	3.799598971682232	4.845552185370815	18.41115510076754
1707	PTPRK	-2.673598000387312	6.88211753577549	-18.400015682079804
1710	ADAMTS8	-5.671627114087015	3.238412876216621	-18.367070275358703
1717	TDGF1	-6.294778344121176	2.9057343814388	-18.2909538580493
1728	RRBP1	2.4813071044676343	7.334699001001901	18.19964074031768
1739	ACTN3	-5.944086002475872	3.0455469220847045	-18.102992829447167
1746	ANKRD1	-3.3395451760820696	5.39970699815186	-18.03256545793464
1756	FKBP7	3.2128098337020647	5.570996573580829	17.898552575120995
1758	SLC27A3	-4.272257285375684	4.185315424502007	-17.880744313923923
1759	NR6A1	-4.599803911864785	3.884116212005368	-17.866172946119722
1764	G0S2	3.4893984444446238	5.103002946487067	17.806410543468303
1825	PCSK1N	-6.052586389327669	2.8440467630877824	-17.213838728876524
1830	TFPI	4.067115020498455	4.218093971315513	17.155473348611302
1862	GRIA4	-5.637917426016414	2.99207891296934	-16.86909384344609
1869	CRYBG3	-4.057764604041784	4.140889034249477	-16.802752952442294
1877	SFRP2	-5.965787346270382	2.80119992432631	-16.711363062919453
1880	LAMA4	-2.0430279374221163	8.164491737323411	-16.68028471420376
1883	SPOCK1	3.463733946141226	4.8097102939495535	16.659556816257965
1888	FBN1	4.242435419468218	3.921059863310538	16.634843245963836
1896	CPXM1	-3.742881307360044	4.4177153783500325	-16.53498431086334
1899	BIK	-5.882042585800251	2.804820845688482	-16.498075659879923
1916	S100A16	3.4614565904514345	4.735442303881115	16.39152797147181
1918	RDH13	-5.462363503258339	2.996923777755664	-16.370287065659646
1994	GPC2	-5.057671409930162	3.1405290437059104	-15.883763956406694
2016	PLEKHG5	-2.789610209746395	5.642431171402752	-15.740183603536428
2018	PDE4DIP	-2.072875567546025	7.579617311046978	-15.711603535418185
2028	CDH11	3.3239623558724305	4.6932362104639855	15.600140490799667
2031	IGLON5	-5.33028933592547	2.921279043260732	-15.57126253155524
2067	LPCAT1	-2.95585655007044	5.168579322715201	-15.277579045606364
2082	CYYR1	-5.172549183518	2.9291646762663577	-15.151248354611315
2104	COLEC12	-2.7031011886694145	5.54132795141627	-14.978770172280372
2116	ZNF3	-3.4343174485148857	4.3366439903832354	-14.893412124170366
2117	RASGRP2	-4.76822150250845	3.1233868419324806	-14.893000300354418
2128	PCYT1B	-5.487262604225689	2.701268664928548	-14.822570529029075
2129	CBX2	-3.3829807618236893	4.379127320673657	-14.8145034794155
2145	PCCA	-2.2127836770980966	6.654596799929696	-14.72518317655366
2149	ADCY6	-2.575660777406101	5.688521351823929	-14.651701327330024
2175	PAPPA	3.656269411395613	3.955202821697605	14.46128709283857
2179	NDUFA6	-3.1548633219887106	4.575133588855036	-14.43392115267733
2195	GPX3	-2.878806406453837	4.967711648348892	-14.30108011868214
2198	HIST1H3E	-4.918781340175881	2.9020289115390767	-14.274445658729334
2200	PRR36	-5.433962391963657	2.6228219968521223	-14.252316091709456
2210	GNG7	-4.618002137029876	3.072861879042432	-14.190482724215588
2213	C1QTNF4	-5.911153132255022	2.398746405779426	-14.17935733000853
2215	SBK1	-5.3523400104203365	2.648522659160504	-14.175793797129623
2235	COL23A1	-5.737631166304269	2.4457800401315275	-14.03298378418356
2250	SHF	-3.9999862307893497	3.489904093685472	-13.959568321517272
2251	ZNF672	-2.318922409875405	6.018089193117855	-13.955481894549989
2266	KIF5C	-5.454446739539216	2.539115277668241	-13.84946904759175
2271	S100A4	3.674363905344268	3.763791228405868	13.829538636905884
2273	HS3ST3B1	-4.188497987154226	3.298065043002395	-13.813938794119244
2286	MATN2	-2.429283536289204	5.662932775304953	-13.756869358160854
2288	MEGF6	3.1994586481519947	4.294797071299223	13.741025631826156
2295	LTBP3	-3.3235915927388597	4.1185344812807605	-13.688326576389834
2301	FILIP1L	3.2392209762997908	4.214998333717503	13.653311017646402
2317	MYRF	-2.9112926643213544	4.640221651385176	-13.509043254502783
2320	SEMA4C	-2.1897013772867373	6.165310747996981	-13.500189436289713
2324	STARD4	-3.004127783561344	4.48216676161721	-13.465001699129436
2338	ADAM23	-2.5605778161368966	5.220648939485806	-13.36787786028597
2340	NLGN4X	-5.075839469734694	2.631897964198125	-13.35909156699123
2343	SHISA2	-4.75660157988856	2.804046043794761	-13.337729841994427
2346	FGD6	-2.1493250618689697	6.191874643762993	-13.3083513517908
2347	CREB3L1	2.6785907080169773	4.967057025549923	13.304712794828468
2349	TMOD3	3.53180919907566	3.761572002609468	13.285154601801572
2354	FBLN2	2.741624535005221	4.842006971375176	13.274965111388504
2372	NDUFC1	3.1850833941679184	4.126837991719844	13.144323157848158
2378	SORL1	-3.749959917283158	3.492368729276028	-13.09624275115822
2385	HPDL	-4.239819543778408	3.079846696691233	-13.057994216472858
2397	YPEL2	-2.144603308429027	6.035188551313177	-12.943085334139225
2407	FGFR2	-2.8982988679895034	4.44795949865926	-12.891515979827291
2409	SLC7A8	-4.195893487359645	3.072235728334768	-12.890773884153466
2417	FBXL19	-3.237602535573915	3.9713038887801706	-12.857503539849228
2420	LRRN1	-5.952756816153838	2.1564440400711	-12.836786958187556
2443	CSRP1	2.9686102651539867	4.28959617594867	12.73413924128651
2465	TAGLN2	3.6456646056441326	3.4484159817765936	12.57176809030049
2468	RAPGEF1	-2.585008116822795	4.855840427430946	-12.552386918905269
2475	CHMP4C	-3.276193875534258	3.8206137433714416	-12.517071346815536
2477	DPYSL4	-3.63321871556704	3.4443652072491497	-12.514132134225555
2489	FMOD	4.068871742037313	3.063136551327323	12.463509755697372
2513	ISLR	3.728759207894612	3.3171441495874534	12.368831791687958
2530	RHOT1	-2.5994933731712995	4.711427304554324	-12.24732405636728
2533	C19orf81	-5.4667488165843	2.2371575677429583	-12.229978485971428
2541	CLEC11A	2.73773917975293	4.4506409289035815	12.184694046071307
2543	SYNGR2	-2.4733589977870314	4.923157761026425	-12.176736545759764
2568	MGST3	2.6717087246445206	4.507461871163772	12.042625207190769
2578	MAP3K1	-2.9656868493626547	4.044113088927146	-11.99357300516662
2588	DUSP5	-3.270571305680609	3.654597522789965	-11.952621791848298
2589	VAMP8	-2.707280821219922	4.414456467004138	-11.951173329230558
2594	ARID3A	-2.1714672664821326	5.490275017189225	-11.92195248381103
2612	GPC1	-2.2738008859900862	5.197579844058063	-11.818261654423438
2616	FMNL3	-4.199272364260872	2.8099129321151675	-11.799589721810458
2631	PRRX1	3.3867199534185337	3.46750071250909	11.74345385154752
2645	GLT8D2	2.986113430509024	3.9137548088717145	11.686915798491103
2650	DNAJC6	-2.306103148208704	5.052939589311617	-11.652599894619916
2655	CNOT11	-2.310841130399849	5.036043146322308	-11.637495636989858
2657	PDE9A	-4.863941486638479	2.3917545737923964	-11.633354297326171
2675	ELOVL1	2.42019555903663	4.766189195362316	11.535109924144248
2678	CD74	-3.457600119872703	3.328877558556627	-11.509927445506944
2698	FGF12	-3.7261077452541618	3.0694897830577985	-11.43724965463018
2723	SPATS2L	2.15106251685813	5.277111556806672	11.351396867125684
2745	DDX24	-2.6000626889180785	4.327625807027716	-11.252098392451751
2747	SALL2	-2.682142356209639	4.193795609383753	-11.248356837214178
2753	ADGRL2	-2.476475603413588	4.534280851957094	-11.22903590889712
2758	TMEM14A	3.313432501707456	3.379751459906878	11.198578334948674
2776	FRMD6	3.0364209863308806	3.652784852041171	11.091392583289354
2786	CRIM1	3.089236692739936	3.578331437746012	11.05431277626983
2801	PDLIM4	2.4712881758144896	4.444348917095101	10.983266928011052
2802	CDKN2B	3.707338357059443	2.9622728568883057	10.982147786418071
2832	FLRT2	-2.745702276754617	3.9343148344099137	-10.802457198308764
2834	KNDC1	-3.6085530780100417	2.99169321223574	-10.795683749475028
2853	ARL4D	2.030672287852308	5.273042988694144	10.707822269795107
2862	MYH10	2.3534687111262893	4.529447403752936	10.65991274342474
2870	COL25A1	-5.079702139414927	2.092154217625822	-10.627520255259851
2889	ID3	2.02803415597757	5.196224981144382	10.53812174390471
2897	TSPAN15	-3.338455633155004	3.145676441192496	-10.501701235182075
2950	SALL4	-4.674431521126095	2.2078670984037574	-10.320523559235736
2962	CA2	-4.813277841965694	2.1357364589799173	-10.279892974286309
2992	GCNT1	2.6716723710975923	3.8160196948109166	10.195154386190593
2996	HIST2H2AC	-4.784922884633927	2.124576344386196	-10.1659339704054
2998	NDUFAF3	2.360520275587485	4.3063592313845165	10.16524827964649
3012	ATP6V1E1	2.3342961012993317	4.325270395346792	10.096461820923436
3023	NUDT10	-4.612337612110123	2.176731305798488	-10.039819673191946
3026	TNFRSF10D	2.8903554491793586	3.468574268590868	10.025412538104923
3031	C1orf115	-4.238242256694482	2.357903585093339	-9.993366611554002
3049	DPYSL5	-4.5880132158167575	2.162339356990024	-9.920841546950935
3061	EPB41L5	-2.165868832239122	4.559073168165558	-9.874354478827453
3074	SSC4D	-4.288026035052572	2.283576540424746	-9.792035658376593
3083	NLRP1	2.673503528835373	3.6477772177528336	9.752345264067475
3136	SMARCD3	-2.385775320331423	3.998490347142437	-9.53949958879585
3172	PLTP	-2.852934572413606	3.299487603628537	-9.413222255641976
3180	KLF15	-4.278896454972941	2.192728034542389	-9.382456213723213
3201	CRABP2	-2.119568296494752	4.385249217313713	-9.29483521324657
3244	RECK	2.2826125686935748	4.012077709060915	9.158019005277769
3284	KLHL3	-3.027895289256376	2.9735526589034627	-9.003606088249567
3319	FAM171A2	-2.747149087639919	3.228057529853296	-8.867955297985654
3322	RENBP	-3.7744845724530895	2.3489662281631625	-8.866136789415181
3328	PMAIP1	3.507727167167473	2.5245974215234	8.855598961638583
3334	PROCR	2.9331536142876136	3.0153909851359284	8.844604966541736
3359	RGS4	2.6578785998323147	3.29723691918609	8.763655446081742
3378	NODAL	-4.965233243377526	1.75201766104927	-8.699176333626374
3404	ANGPTL4	2.819459572976578	3.05233910481611	8.60594670904454
3413	TTC28	-2.802148511712641	3.0624679301639866	-8.581489952676705
3419	HIST1H2BD	-3.385564108218218	2.531192489998231	-8.569514445129512
3453	UBE2E1	-2.4149565313202523	3.5045235633336804	-8.463272068438396
3477	MMP2	2.781041047454562	3.0055184186836628	8.358470091239992
3490	IGSF9	-4.301042321982806	1.9297807719145827	-8.300068772153267
3496	COX14	2.233192571157868	3.711819699455008	8.289208178300353
3528	DCN	4.064286778416096	2.0231417985292675	8.222628462623463
3532	TMSB10	3.003843919932396	2.736094100285276	8.218799627504826
3533	ABRACL	2.032058460015054	4.038621024433402	8.206714019494559
3536	CISD1	2.2709404551508205	3.610596344975835	8.199449307025311
3551	SLC19A2	-2.379283670726324	3.4278003341514984	-8.155709361556896
3552	UQCR10	2.864478510734724	2.8454856225621854	8.150832418433998
3560	FADS2	-2.625466193566967	3.0911377382962764	-8.11567763155593
3585	RASL11B	-2.648816232565025	3.040417567075619	-8.053507405445762
3603	LIN28A	-4.732292370621102	1.6859237887436094	-7.978284282920005
3619	SIRPA	-2.2926961541592434	3.446173650983638	-7.901029076175106
3638	C4orf3	2.1831213200488677	3.5753861483065945	7.805501727775527
3649	IGFBP4	2.353128809319073	3.302385775728748	7.770939108352831
3739	SUN2	-2.8453966287430426	2.6270179113283816	-7.474907908541366
3753	H3F3B	2.305552956478237	3.2159118289812323	7.414455025081017
3760	CTHRC1	2.7768405587146443	2.6619457074198314	7.391798805459733
3761	MRPS25	-2.6366724095658003	2.802493588034406	-7.389257521555383
3768	QSOX1	2.361812235702786	3.1229188069560827	7.375747849375223
3801	MAP1A	2.2626484413607497	3.2144494193754825	7.273168968582902
3822	FZD4	-2.669039248894049	2.701990546587813	-7.211718818983558
3836	ADAMTS2	2.7061345674473354	2.650294848648996	7.1720545038566526
3894	PTGIS	4.050726899654181	1.7264251986260173	6.993276992315221
3906	COL6A3	3.7158173864144985	1.872563007677833	6.958102181085918
3911	IQGAP1	2.7073084298670853	2.564145655732376	6.941933149171327
3945	TKT	2.021588959082929	3.376352027552345	6.825595980877081
3949	HAPLN1	2.9843408189124614	2.2856728000243143	6.8212266357905005
3967	NDUFAF4	2.172500297399249	3.1192016075475557	6.77646642004528
3970	FBN3	-4.614064577867887	1.4665791544322897	-6.7668909271054645
3973	ZNF503	-2.0093958302399058	3.361386015376432	-6.754355043124135
3999	GPRC5B	-2.0277667398684307	3.301060014877168	-6.693779704477508
4010	IL17RD	-2.515657553110965	2.6477094497534632	-6.660730275715577
4028	EFNA2	-2.872759646667969	2.2986098665065904	-6.603353667932979
4029	PRKACA	-2.019305033467591	3.264336589793623	-6.591691306702693
4043	GRIN2D	-3.5180927036844545	1.8565909536233527	-6.531659087668882
4046	HES1	-2.496732027003124	2.6144882877767923	-6.5276766423168775
4072	DNMT3B	-2.533472309043576	2.5604271301984625	-6.486771233681716
4081	LPAR2	-2.686561883081383	2.398784908606026	-6.444484101171808
4103	MAL2	-3.879470943282703	1.637128306628024	-6.351191695989034
4117	CTSV	-2.210203298983505	2.858546803127548	-6.317969574571258
4144	TESK2	-2.4279116099653786	2.565616314755404	-6.229089637311234
4191	COL26A1	-3.785537141755845	1.6137634115199095	-6.108961332315241
4196	EDNRB	-3.114244161328358	1.9590296914970868	-6.100896778613697
4237	NCCRP1	-3.942388341941881	1.516641865639374	-5.979191209997652
4248	SORBS2	-2.130024072198585	2.7872205789311764	-5.936846927650682
4299	LMCD1	2.026517746294167	2.8733243378710367	5.822842761554593
4335	HIST1H2AC	-2.8137268699960702	2.032862210930988	-5.71991902589614
4340	SEMA3F	-2.696215403049417	2.1200409146085204	-5.716086969062467
4418	CRIP2	-2.006054494867433	2.7634753588813576	-5.543682165139342
4435	ITGA6	-2.212310512070976	2.4856939064967207	-5.499126759133465
4461	BNC2	2.565306024876785	2.124923318352583	5.451078590971052
4462	SMN1	-3.900958228631812	1.397083697991401	-5.4499651477669175
4486	CYP2S1	-3.887489132316015	1.389449427167908	-5.401469548017953
4513	FSCN1	-2.14421879803499	2.4841951799766644	-5.326658002893879
4542	SOX3	-3.9921174089277	1.3180838268194597	-5.2619453914720085
4572	LUM	3.3100774712147603	1.5760331813541892	5.216791927487428
4594	PLXNB1	-2.1551199248671584	2.384687664989266	-5.139287901403306
4646	NUDT16L1	-2.0084133620864413	2.4997587643057484	-5.0205489042243565
4647	KLHL25	-2.2727766898735737	2.20837939781244	-5.019153217745154
4701	PSIP1	-2.185900227293525	2.2481743191055488	-4.914284755128286
4802	LPAR3	-2.9659448910661648	1.579199821295033	-4.683819641942603
4832	PODXL	-2.1079437236680545	2.194892274998665	-4.626709395210933
4836	CD82	2.720327515548567	1.6982022625128623	4.6196663416805706
4871	GABARAPL2	2.135672452523682	2.125266886039336	4.538873942774997
4873	USP27X	-2.3331630707618194	1.94477671868666	-4.537481220917062
4918	TRIM6	-2.1828102402383966	2.0332690517611973	-4.438240507344156
4945	UQCRHL	2.1532721170129	2.036177588403468	4.384444426395755
5131	ANKH	-2.1752454687241443	1.8442933645778845	-4.01179078429605
5162	MRPL36	2.202295099610949	1.8007000173452363	3.965672824068765
5167	BMP4	2.301376039688225	1.715322623437879	3.9476023859150815
5181	MRPL24	2.0548329709541493	1.906612977988484	3.917771210019815
5194	ACOX1	-2.015438507633103	1.932905187170508	-3.8956515458272127
5326	RAB11FIP1	2.051755574547922	1.7815443760135168	3.655293604790233
5427	TSTD1	-2.389529596716351	1.4514000881086395	-3.468163467212314
5498	AHNAK2	-2.0874636691471187	1.5915751754776508	-3.3223553555260463
5514	COMTD1	-2.0544881833715274	1.6056818712107737	-3.298854430656417
5561	PPP2R1B	-2.032102252485026	1.5803534953033198	-3.21143989752846
5585	ORC1	2.02765502982855	1.5632838488549703	3.169800359180516
5709	SLC16A9	-2.011429380942549	1.479719259430973	-2.976350793966009
5825	CAMK2N1	2.076854534829279	1.3494764276051538	2.802666238316979
5899	C15orf39	-2.003577533108323	1.3415131461275398	-2.6878255999506018
